"","scale","prl","lgl","plc"
"1",5,6,7,7
"2",5,5,8,7
"3",5,9,8,8
"5",5,8,8,9
"6",6,6,7,7
"7",7,7,7,9
"8",4,5,8,7
"9",5,6,7,9
"10",7,8,8,8
"11",5,7,7,8
"12",5,6,6,5
"13",7,8,9,7
"14",5,6,7,7
"15",3,7,6,6
"16",6,8,9,8
"17",1,0,1,1
"18",7,7,8,8
"19",3,6,7,8
"20",7,8,8,6
"21",6,6,5,8
"22",6,3,2,5
"23",3,7,7,8
"24",5,4,9,6
"25",7,6,7,7
"26",3,6,7,7
"27",3,7,8,8
"28",3,6,8,8
"29",6,0,2,4
"30",3,6,6,8
"31",3,7,8,8
"33",6,7,9,8
"34",6,7,7,6
"36",9,3,7,7
"37",6,5,5,7
"38",0,5,5,5
"39",8,3,3,4
"40",5,7,9,8
"41",7,7,4,4
"42",7,6,7,8
"43",8,5,6,5
"44",5,4,6,7
"45",8,7,8,8
"46",3,8,8,8
"47",7,6,6,6
"48",2,2,3,2
"49",1,4,6,6
"50",5,6,10,8
"51",5,7,9,9
"52",3,7,8,6
"53",3,5,6,7
"54",5,7,9,9
"55",5,8,7,8
"56",5,7,8,7
"57",7,6,5,7
"58",7,7,7,7
"59",5,8,9,8
"60",5,6,6,7
"61",5,6,7,7
"62",5,6,6,6
"63",4,7,7,7
"64",5,6,8,8
"65",7,5,7,8
"66",5,5,8,5
"67",6,7,7,7
"68",5,7,10,8
"69",7,7,8,7
"70",3,7,9,8
"71",7,5,7,8
"72",2,7,8,6
"73",5,7,7,8
"74",7,7,8,8
"75",4,7,7,8
"76",7,7,8,8
"77",4,7,8,8
"78",4,7,7,7
"79",4,7,9,7
"80",3,6,7,7
"81",4,4,3,4
"82",5,7,8,6
"84",5,7,8,7
"85",4,7,6,8
"86",6,5,4,6
"87",3,7,9,9
"88",7,6,7,7
"89",8,4,8,8
"90",8,9,9,10
"91",5,5,7,6
"92",6,6,8,10
"93",5,6,7,7
"94",7,7,8,9
"95",6,7,9,9
"96",5,7,7,6
"97",5,7,9,9
"98",4,5,4,7
"99",8,3,3,7
"101",5,8,8,7
"102",6,7,8,9
"103",7,6,7,7
"104",8,6,5,5
"105",3,7,9,8
"106",6,6,8,8
"107",2,6,7,7
"108",7,6,7,4
"109",2,7,9,7
"110",2,7,8,8
"112",5,5,6,7
"113",5,5,6,8
"115",7,7,8,8
"116",5,6,6,7
"117",3,7,8,7
"118",5,7,7,8
"119",8,5,5,8
"120",3,7,8,8
"121",5,6,6,7
"122",5,6,6,6
"123",7,8,9,10
"124",5,6,5,7
"127",6,7,8,8
"128",8,8,7,8
"129",7,6,5,6
"130",5,3,3,7
"131",5,4,6,6
"132",7,5,5,7
"133",10,10,10,10
"134",10,5,6,8
"135",8,7,8,8
"136",7,7,8,8
"137",5,7,6,7
"138",8,7,8,6
"139",4,7,8,8
"140",2,6,7,7
"141",4,7,7,8
"142",5,7,8,6
"143",2,8,7,7
"144",9,4,7,8
"145",5,7,7,7
"146",2,7,7,7
"147",6,4,7,4
"148",6,6,9,7
"149",8,10,5,7
"150",5,9,6,3
"151",4,3,7,7
"152",6,6,5,4
"153",6,5,5,6
"154",5,7,8,8
"155",7,6,4,8
"156",7,7,8,7
"157",8,4,4,5
"158",4,7,9,8
"159",6,7,9,9
"160",7,4,4,7
"161",6,6,8,7
"162",5,4,6,3
"163",7,0,2,5
"164",10,8,9,9
"165",5,7,8,8
"166",5,2,2,2
"167",2,7,8,8
"168",3,5,7,8
"169",5,8,8,8
"170",7,7,5,6
"171",6,2,2,6
"173",5,5,6,5
"174",7,7,8,9
"175",8,4,6,0
"176",5,7,8,8
"178",7,7,8,8
"179",5,7,7,7
"180",4,7,7,8
"181",5,6,8,8
"182",8,7,9,8
"185",5,8,7,8
"186",6,7,8,8
"187",5,6,7,9
"188",5,5,6,7
"189",2,6,8,6
"190",3,7,8,8
"191",9,3,7,7
"192",6,7,8,8
"193",2,8,6,5
"194",5,7,7,8
"197",8,4,3,5
"198",3,6,9,8
"199",7,0,8,6
"200",8,6,8,9
"201",3,6,8,7
"202",5,8,8,7
"203",8,6,7,7
"204",8,6,7,5
"205",5,6,7,7
"206",7,7,7,8
"207",7,7,8,8
"208",7,9,10,9
"209",4,6,8,7
"210",2,3,9,9
"211",8,4,1,2
"212",4,8,8,9
"213",4,5,7,7
"214",7,5,4,8
"215",1,5,7,7
"216",2,6,8,8
"217",5,7,8,7
"218",4,5,7,6
"220",3,2,6,6
"221",8,6,8,8
"222",0,7,8,6
"223",5,7,8,8
"224",4,7,5,6
"225",1,8,9,8
"226",2,6,8,6
"228",3,5,5,0
"229",8,8,9,7
"230",0,5,5,5
"231",8,5,8,8
"232",5,8,6,5
"233",2,4,7,7
"234",0,7,5,8
"235",6,1,1,6
"236",3,8,8,8
"237",7,7,7,8
"238",8,8,8,7
"239",0,3,6,7
"240",3,6,6,6
"241",6,7,7,8
"242",7,7,7,8
"243",6,4,8,6
"244",7,7,8,8
"245",10,4,4,5
"246",7,2,5,7
"247",2,7,3,8
"248",5,5,5,5
"249",7,7,6,5
"250",8,7,7,7
"251",2,9,10,10
"252",5,6,9,8
"253",5,8,10,9
"254",4,8,9,8
"255",2,6,8,6
"257",3,7,8,7
"258",5,7,7,8
"259",1,7,8,8
"260",5,6,7,6
"261",6,4,7,8
"262",8,1,1,3
"263",3,8,8,8
"264",6,7,7,8
"265",7,5,5,7
"266",4,8,8,8
"267",6,7,8,8
"268",10,5,6,9
"269",5,5,7,7
"270",4,7,7,5
"271",5,4,6,6
"272",8,7,8,8
"273",5,5,6,7
"274",5,7,5,9
"275",2,6,7,8
"276",5,5,7,9
"277",7,7,9,9
"278",6,4,3,5
"279",7,4,8,7
"280",5,8,7,8
"281",2,5,4,3
"283",5,6,7,8
"285",7,8,8,10
"286",5,8,8,9
"287",2,7,10,8
"288",6,3,1,6
"289",8,7,7,7
"290",8,7,9,9
"291",6,7,7,7
"292",4,5,7,8
"293",3,5,5,8
"294",4,7,7,8
"295",5,1,5,7
"296",4,7,9,4
"297",3,7,8,8
"298",4,3,3,4
"299",5,4,4,4
"300",8,8,7,7
"301",3,6,10,3
"302",5,6,9,9
"303",2,7,8,8
"305",8,5,7,6
"306",0,6,7,7
"307",4,7,6,7
"308",5,8,7,8
"309",8,7,7,6
"310",5,5,6,6
"311",5,6,7,8
"312",8,8,8,8
"313",4,5,6,7
"314",7,5,5,6
"315",5,0,8,9
"316",6,6,8,8
"317",5,7,7,9
"318",4,4,4,4
"319",2,6,6,6
"320",7,3,3,1
"322",3,6,6,6
"323",3,9,8,8
"324",5,5,2,6
"325",7,8,10,8
"326",5,6,6,8
"327",1,3,4,4
"328",6,3,1,6
"329",2,8,7,9
"330",5,6,7,7
"332",6,4,8,7
"333",5,7,8,5
"335",2,6,7,8
"336",3,7,6,6
"337",7,7,6,8
"338",5,8,8,6
"339",7,7,7,7
"340",0,2,3,4
"341",3,6,8,9
"342",5,8,8,7
"343",4,3,8,4
"344",7,8,8,7
"345",7,5,6,7
"346",3,8,8,8
"347",6,4,7,8
"348",5,4,5,6
"349",5,5,7,7
"350",7,5,6,6
"351",1,9,10,10
"352",4,8,9,9
"353",4,7,6,7
"354",2,7,8,8
"355",5,3,4,7
"356",7,4,5,5
"357",7,6,8,6
"358",5,4,7,7
"359",5,5,5,9
"360",5,4,2,6
"362",5,6,7,7
"363",7,6,7,8
"364",7,5,6,7
"365",6,7,8,8
"366",7,8,9,9
"367",7,6,6,7
"368",5,5,6,5
"369",5,1,5,7
"370",6,4,5,5
"372",3,6,3,8
"373",6,7,7,8
"375",7,1,1,4
"376",8,9,10,10
"377",5,3,7,9
"378",7,8,8,6
"379",7,8,9,8
"380",6,6,7,7
"381",3,4,7,8
"382",6,6,8,7
"383",6,4,0,7
"384",5,4,4,7
"385",3,7,9,9
"386",2,5,8,9
"387",5,3,4,4
"388",4,5,6,4
"389",5,6,6,8
"390",8,7,8,8
"391",5,7,5,5
"392",8,6,4,7
"393",6,2,3,5
"394",2,6,6,8
"395",7,6,5,4
"396",7,6,6,8
"397",5,6,4,5
"398",2,6,8,8
"399",6,7,5,8
"400",6,6,6,6
"402",2,6,8,9
"403",7,5,1,3
"404",4,9,9,9
"405",8,8,9,8
"406",4,7,7,7
"407",2,7,8,8
"408",5,2,4,6
"409",8,6,4,8
"411",4,5,7,7
"412",3,8,7,7
"414",4,7,7,8
"415",5,7,7,7
"416",5,3,4,5
"417",7,8,10,9
"418",3,0,5,3
"419",7,7,8,8
"420",7,6,8,6
"423",5,3,4,3
"424",5,8,5,8
"425",2,7,7,6
"426",4,7,7,6
"427",3,5,7,6
"428",8,8,8,6
"430",5,8,4,6
"431",5,5,7,7
"432",7,6,6,7
"434",5,3,3,3
"435",5,5,2,7
"436",8,1,1,7
"437",3,4,6,4
"438",7,8,8,8
"439",6,7,8,9
"440",6,8,7,7
"441",8,6,8,6
"442",6,7,8,8
"443",4,7,6,5
"444",3,7,9,7
"445",5,6,7,6
"446",7,5,6,6
"447",5,6,6,4
"448",8,8,8,8
"449",5,7,6,6
"450",5,5,5,5
"451",4,8,9,8
"452",5,6,7,7
"453",5,6,5,7
"454",10,4,3,5
"455",6,9,7,7
"456",5,5,7,7
"459",4,3,3,5
"460",8,4,6,7
"461",5,7,8,8
"462",5,6,5,6
"463",5,1,2,1
"464",5,7,6,8
"465",6,3,4,6
"466",3,7,7,8
"467",3,6,6,8
"468",7,6,6,8
"469",5,8,8,9
"470",3,7,8,8
"471",2,4,3,5
"472",3,7,9,8
"473",5,8,8,8
"474",2,5,1,4
"475",4,7,7,7
"476",4,6,6,7
"477",2,5,7,7
"479",4,7,7,8
"480",2,6,7,7
"481",4,8,8,8
"482",7,7,8,8
"483",4,7,7,6
"484",5,8,8,8
"485",4,7,8,8
"486",4,7,8,8
"487",5,0,1,6
"488",3,7,9,9
"489",8,6,8,8
"490",5,6,7,8
"491",3,5,8,8
"492",5,6,10,6
"494",8,5,8,8
"495",3,6,9,8
"496",5,4,4,6
"497",8,7,5,8
"498",5,5,5,8
"499",6,7,5,8
"500",7,7,8,7
"501",6,7,7,5
"502",5,7,7,8
"503",3,7,8,8
"504",5,7,7,8
"505",6,7,7,6
"506",5,6,4,9
"508",7,5,7,7
"509",3,5,7,4
"510",4,9,9,9
"511",3,7,7,7
"512",8,9,8,8
"514",6,6,4,9
"515",4,4,7,7
"517",8,8,8,9
"518",5,5,5,7
"519",5,3,3,5
"520",7,6,8,5
"522",3,6,8,9
"523",8,8,8,9
"524",5,7,7,7
"525",8,6,7,8
"526",5,7,6,7
"527",5,7,9,8
"528",3,7,7,7
"529",5,8,10,9
"530",4,6,5,4
"531",2,8,8,9
"532",4,7,8,7
"533",5,6,6,6
"534",7,6,7,7
"535",8,8,8,8
"536",7,6,6,6
"537",7,6,7,7
"538",4,5,7,7
"539",7,5,6,7
"540",9,3,3,7
"541",5,7,7,8
"542",6,5,5,6
"544",4,6,6,7
"545",5,6,7,7
"546",5,6,4,7
"547",5,5,8,8
"548",3,7,8,8
"549",6,7,7,7
"550",4,7,6,9
"551",7,8,9,8
"552",7,8,8,8
"553",4,7,8,8
"554",4,4,6,5
"555",4,7,7,8
"556",6,7,8,8
"557",1,3,6,8
"558",4,8,8,7
"559",8,3,5,8
"560",2,8,8,8
"561",5,4,7,8
"562",5,6,6,7
"563",4,6,8,8
"564",1,7,8,8
"565",7,6,6,6
"566",7,3,3,6
"567",3,8,7,5
"568",5,3,3,8
"569",5,3,4,6
"570",5,4,6,5
"571",5,1,2,5
"572",2,7,8,8
"574",3,8,7,7
"575",3,7,8,9
"576",7,5,8,8
"577",4,4,7,6
"578",5,6,6,7
"579",3,6,4,4
"580",6,6,6,7
"581",5,6,7,7
"583",7,6,9,9
"584",4,9,9,8
"585",4,4,7,7
"587",6,5,5,7
"589",5,0,4,4
"590",5,7,6,7
"591",3,6,6,7
"592",5,8,8,8
"593",3,7,7,7
"594",6,7,7,5
"595",6,9,9,6
"596",5,5,3,7
"598",4,8,9,8
"599",7,7,8,8
"600",4,5,8,8
"601",7,8,8,7
"603",2,7,7,6
"604",5,8,8,5
"605",5,6,7,8
"606",7,4,8,6
"607",5,8,9,9
"608",7,5,6,7
"609",7,7,8,7
"610",5,5,6,6
"611",7,8,5,9
"612",7,7,8,8
"613",8,8,7,8
"614",7,4,6,7
"615",6,7,8,8
"616",6,8,7,6
"617",6,5,5,8
"618",9,7,4,5
"619",6,5,8,7
"620",5,7,7,7
"621",4,6,7,7
"622",2,6,9,9
"623",4,3,7,4
"624",4,6,7,8
"625",6,8,8,7
"626",5,6,6,6
"627",5,6,6,6
"628",6,5,7,7
"629",6,6,5,7
"630",6,6,4,4
"631",3,6,8,8
"634",5,4,7,7
"635",5,8,8,10
"636",5,5,5,7
"637",2,7,8,8
"638",7,7,8,8
"639",8,4,4,7
"640",8,7,8,8
"641",3,7,8,8
"642",4,6,8,8
"644",4,7,7,8
"647",4,7,9,6
"648",7,9,10,10
"649",6,5,7,7
"650",6,3,7,7
"651",5,0,4,9
"652",5,0,5,5
"653",8,7,3,8
"654",2,7,7,6
"655",5,6,7,7
"656",5,3,4,7
"657",5,7,7,7
"659",8,6,6,5
"660",5,5,6,6
"661",5,10,10,10
"662",3,5,5,7
"663",4,6,7,8
"664",7,7,8,8
"665",5,2,1,0
"666",5,7,6,5
"667",3,8,8,9
"668",6,7,9,9
"670",5,3,7,7
"671",7,4,4,5
"672",4,6,7,8
"673",2,7,8,8
"674",6,6,5,6
"675",5,5,4,6
"676",3,4,6,5
"677",6,8,8,7
"678",2,8,9,8
"679",6,7,8,8
"680",5,8,8,9
"681",6,7,8,8
"682",0,5,8,1
"683",7,5,7,7
"684",4,7,8,8
"685",4,8,9,9
"686",3,6,6,7
"687",5,7,7,8
"688",3,4,4,4
"689",7,8,8,9
"690",6,4,6,8
"691",5,3,4,6
"692",6,3,6,3
"693",8,4,2,6
"695",2,7,7,6
"696",8,5,5,6
"697",2,8,7,7
"698",5,3,4,7
"699",5,3,3,5
"700",5,5,5,8
"701",6,5,5,5
"702",7,6,7,7
"703",2,7,9,10
"704",5,6,6,8
"705",7,4,4,5
"706",9,8,8,8
"707",5,3,5,8
"708",2,8,9,8
"709",5,6,7,7
"710",5,6,6,7
"711",5,3,3,5
"713",4,3,5,7
"714",7,6,8,7
"715",7,6,7,7
"716",3,7,7,6
"717",5,6,7,7
"718",3,7,7,6
"719",7,10,8,8
"720",8,7,6,8
"721",4,8,8,7
"723",6,6,6,6
"724",0,5,7,7
"725",8,7,8,7
"726",3,9,9,9
"727",5,6,4,7
"728",7,6,6,7
"729",5,8,7,10
"731",6,7,4,6
"732",10,4,4,4
"733",5,6,7,8
"734",2,6,7,7
"737",5,4,6,7
"740",5,8,8,9
"741",2,7,7,7
"742",4,4,7,7
"743",5,8,6,8
"745",4,4,7,7
"746",6,6,6,5
"747",2,4,7,4
"748",5,8,9,8
"749",6,7,8,8
"750",8,6,9,9
"751",4,6,7,7
"752",5,7,7,8
"754",6,5,7,7
"756",0,5,5,8
"757",5,8,7,5
"758",6,5,6,6
"759",7,6,8,4
"760",0,4,4,5
"761",3,6,6,7
"762",6,3,5,5
"763",9,7,3,4
"764",2,6,7,6
"765",8,0,1,3
"766",7,7,8,7
"767",5,9,10,9
"768",6,7,7,7
"769",5,5,5,8
"770",0,1,5,7
"771",8,7,5,7
"772",8,9,6,7
"773",3,6,7,7
"774",7,7,6,8
"776",2,6,8,6
"777",6,4,6,4
"778",8,7,7,8
"779",4,6,8,8
"780",5,3,4,6
"781",6,6,7,8
"782",2,9,7,10
"783",5,6,5,7
"784",4,3,8,5
"787",5,5,7,7
"788",2,7,9,9
"789",4,7,8,7
"790",2,4,4,4
"791",8,7,6,9
"792",10,5,8,8
"793",5,8,7,9
"794",5,5,5,8
"795",6,7,7,7
"796",5,6,7,7
"797",7,3,6,2
"798",5,3,3,5
"799",5,4,5,7
"800",3,4,7,6
"801",5,6,6,7
"802",7,7,8,8
"803",6,4,7,6
"804",3,8,8,8
"805",5,7,8,7
"807",3,5,7,8
"809",4,8,7,9
"810",3,8,7,8
"811",1,8,9,7
"812",2,7,5,5
"813",0,5,5,7
"814",7,7,8,8
"815",5,5,5,4
"816",3,7,8,8
"817",5,5,5,7
"818",4,5,4,2
"819",0,7,9,7
"820",8,7,7,7
"821",10,7,7,7
"822",8,7,8,7
"823",6,6,6,8
"824",5,8,9,9
"825",1,4,5,5
"826",7,7,9,9
"828",5,5,7,7
"830",5,7,7,6
"831",4,7,5,8
"832",4,4,6,7
"833",3,7,8,7
"834",4,2,4,5
"835",8,7,7,8
"836",1,2,9,9
"837",10,6,8,8
"839",6,7,7,8
"840",3,5,7,7
"842",3,7,7,7
"844",3,7,7,6
"845",6,6,4,6
"846",7,7,8,7
"847",7,7,7,8
"848",7,8,10,5
"849",6,7,8,9
"851",7,6,6,7
"852",6,6,6,6
"854",8,5,7,7
"856",10,3,4,8
"857",5,8,9,8
"858",5,7,6,8
"859",4,5,7,7
"860",6,6,7,7
"861",8,5,9,8
"862",3,8,8,8
"864",5,2,7,6
"865",5,8,8,7
"866",3,7,9,7
"867",1,6,5,7
"868",5,7,8,7
"869",0,4,4,3
"870",6,7,7,9
"871",5,3,5,3
"872",4,8,9,8
"873",3,6,6,7
"874",7,5,5,7
"875",2,4,8,5
"877",5,6,2,2
"879",5,7,8,9
"880",6,7,6,8
"881",6,7,7,6
"882",5,6,7,6
"883",7,4,7,7
"884",7,7,8,8
"885",4,7,8,8
"886",8,8,9,9
"887",2,8,9,8
"888",6,6,6,7
"889",4,6,7,7
"890",8,5,5,9
"891",3,6,6,7
"893",4,6,6,4
"894",6,4,8,8
"895",2,7,8,8
"896",5,6,8,8
"897",6,2,2,4
"898",3,7,7,6
"899",8,7,8,8
"900",4,3,8,8
"901",5,6,6,6
"902",5,7,7,8
"903",7,5,7,6
"904",7,8,7,7
"906",5,7,8,7
"907",6,9,7,7
"908",8,7,7,7
"909",5,8,9,9
"910",5,7,7,6
"911",4,7,8,0
"912",4,6,8,9
"913",4,2,4,7
"914",5,8,9,7
"915",3,2,7,2
"916",10,0,1,1
"920",5,5,5,5
"921",7,7,6,7
"922",5,2,0,5
"923",5,4,4,4
"924",4,6,7,7
"925",4,8,9,8
"926",4,7,8,7
"927",6,7,7,7
"928",5,7,8,9
"929",0,6,2,8
"930",3,7,9,8
"932",4,6,7,6
"933",3,9,7,10
"934",3,5,6,7
"935",2,7,7,7
"936",3,7,6,8
"937",5,3,3,7
"938",2,2,8,8
"940",3,7,7,7
"941",5,5,3,8
"942",2,8,7,7
"943",4,4,7,5
"944",8,7,8,5
"945",5,7,8,9
"946",5,10,7,9
"947",2,7,9,8
"948",4,6,6,5
"949",0,7,8,8
"951",5,5,7,8
"952",0,7,6,7
"953",7,6,8,9
"954",8,6,8,7
"955",6,7,4,5
"956",8,7,8,8
"957",4,8,8,8
"958",5,6,3,3
"959",5,4,8,8
"960",7,7,7,8
"961",4,6,6,7
"962",5,4,2,6
"963",5,6,8,7
"964",7,6,7,8
"965",5,5,6,10
"967",6,7,8,8
"968",1,5,2,6
"969",2,6,8,7
"970",8,7,9,9
"971",2,7,9,8
"972",5,6,5,6
"973",5,7,9,8
"974",9,4,3,7
"976",4,6,7,6
"977",0,7,8,8
"978",5,6,6,7
"979",7,7,7,8
"980",7,9,9,8
"981",8,5,8,8
"982",5,6,6,7
"983",6,7,8,8
"985",3,5,7,5
"986",3,7,6,6
"987",5,6,7,5
"988",7,9,10,9
"989",7,8,8,7
"990",3,2,5,6
"991",6,3,8,9
"992",5,7,8,7
"993",7,5,5,7
"994",5,6,7,8
"995",6,7,8,6
"996",3,7,9,8
"997",7,6,5,7
"998",6,8,9,8
"999",4,7,6,7
"1000",8,5,2,2
"1001",5,5,9,9
"1002",3,4,8,6
"1003",7,7,8,7
"1004",6,8,9,9
"1006",7,5,8,10
"1007",9,6,6,8
"1008",6,6,7,7
"1009",4,6,6,7
"1010",6,8,7,7
"1011",7,4,4,4
"1012",6,5,7,5
"1013",5,7,0,1
"1014",3,8,8,9
"1015",7,7,8,7
"1016",5,5,6,6
"1017",5,7,7,9
"1018",8,5,8,9
"1019",7,7,6,6
"1020",6,8,7,9
"1021",10,2,8,8
"1022",4,4,4,6
"1024",4,6,6,8
"1025",6,7,9,9
"1026",3,8,5,6
"1027",4,5,9,9
"1028",2,6,7,8
"1029",4,8,9,8
"1030",5,7,8,7
"1031",3,7,9,9
"1032",5,6,7,9
"1033",7,4,6,6
"1034",7,5,7,6
"1035",7,8,9,8
"1036",6,7,8,8
"1037",5,2,2,7
"1038",5,8,8,9
"1039",4,6,7,7
"1040",7,3,5,8
"1041",6,8,9,9
"1042",5,2,7,4
"1043",8,5,4,8
"1044",7,7,9,7
"1045",3,6,7,7
"1046",4,6,5,5
"1047",7,6,9,7
"1048",5,5,7,7
"1049",7,7,8,9
"1050",8,2,4,2
"1051",5,6,6,7
"1054",3,8,8,8
"1055",6,8,9,9
"1056",10,5,3,8
"1057",0,7,7,6
"1058",4,6,5,5
"1059",4,7,9,8
"1060",8,7,8,8
"1061",5,7,8,8
"1062",3,6,7,5
"1063",6,8,7,8
"1064",4,0,5,8
"1065",5,1,4,6
"1066",2,9,9,9
"1067",5,7,8,6
"1068",5,8,8,7
"1069",7,6,6,7
"1070",7,6,7,5
"1071",4,8,9,9
"1072",5,7,6,8
"1073",9,7,6,7
"1074",4,7,7,7
"1075",7,8,9,9
"1076",5,3,1,4
"1077",6,7,7,8
"1078",5,6,8,7
"1079",3,8,8,8
"1081",10,10,10,10
"1082",5,5,7,7
"1083",5,4,7,7
"1084",6,5,6,7
"1086",3,3,6,7
"1087",5,9,9,8
"1088",3,8,9,7
"1089",5,4,6,6
"1090",7,7,9,7
"1091",3,7,8,8
"1093",5,5,5,7
"1094",3,3,8,8
"1096",7,8,8,9
"1097",5,8,8,8
"1098",6,7,5,8
"1099",4,6,8,9
"1100",3,6,8,8
"1101",2,8,8,6
"1102",7,8,9,10
"1103",6,5,7,5
"1105",6,5,7,7
"1106",7,3,2,1
"1107",8,5,3,8
"1108",0,7,7,8
"1109",6,7,6,5
"1110",8,6,7,7
"1111",2,0,1,0
"1112",4,5,4,5
"1113",2,7,8,8
"1114",2,6,7,7
"1115",6,7,6,6
"1116",6,6,7,8
"1118",6,7,5,7
"1119",2,4,7,9
"1120",5,0,2,3
"1121",5,5,5,5
"1122",7,4,3,7
"1123",5,6,7,8
"1124",5,7,5,5
"1126",5,8,9,8
"1128",7,8,7,8
"1130",2,6,6,7
"1131",4,5,6,7
"1132",6,5,1,7
"1134",3,6,6,7
"1135",5,1,4,7
"1136",4,5,9,9
"1137",5,5,8,8
"1138",0,4,3,3
"1139",7,6,7,7
"1140",8,4,4,8
"1141",4,6,5,7
"1142",5,5,7,7
"1143",5,6,8,8
"1144",2,7,8,7
"1147",5,8,4,3
"1148",1,7,9,9
"1149",8,7,7,6
"1150",5,6,7,8
"1151",6,10,10,6
"1153",3,7,9,8
"1154",5,4,6,8
"1155",7,2,1,5
"1156",7,5,5,5
"1157",6,8,8,7
"1158",3,4,9,7
"1159",7,4,6,2
"1160",7,6,6,6
"1161",2,8,9,9
"1162",5,2,7,3
"1163",4,6,7,7
"1164",8,9,9,8
"1165",7,6,7,7
"1166",8,2,2,5
"1167",5,3,3,7
"1168",8,7,9,8
"1169",5,7,7,5
"1170",5,7,8,8
"1171",5,7,9,8
"1172",4,7,5,8
"1173",6,3,7,7
"1174",8,10,8,9
"1175",0,8,10,9
"1177",5,0,0,5
"1178",5,7,8,7
"1179",9,0,6,4
"1180",0,2,2,7
"1181",6,7,8,8
"1182",6,7,8,7
"1184",8,7,5,8
"1185",5,3,5,8
"1186",7,5,5,9
"1187",5,3,7,7
"1188",4,2,6,5
"1189",3,5,7,2
"1191",3,7,8,7
"1192",5,5,5,5
"1193",4,6,7,7
"1194",4,9,10,10
"1195",8,7,8,8
"1196",7,6,8,8
"1197",6,6,6,6
"1198",3,7,6,8
"1199",5,3,2,7
"1200",4,7,8,9
"1201",5,5,5,7
"1202",4,6,8,7
"1203",8,3,4,8
"1204",4,7,8,8
"1205",7,7,8,7
"1206",7,7,8,8
"1209",5,4,5,3
"1210",4,5,6,5
"1211",8,5,5,7
"1213",7,7,7,8
"1214",5,5,8,8
"1215",5,7,7,9
"1216",7,7,7,6
"1217",5,5,8,8
"1218",7,7,8,9
"1219",5,5,5,8
"1221",3,6,8,9
"1222",5,7,8,8
"1223",4,3,4,4
"1224",5,5,8,7
"1225",7,6,7,7
"1227",8,8,9,9
"1229",6,8,6,7
"1230",5,3,1,8
"1231",7,7,6,8
"1232",4,7,8,8
"1233",6,7,6,8
"1234",7,6,5,6
"1235",5,1,3,6
"1236",10,6,7,9
"1237",7,4,7,7
"1238",6,7,8,7
"1239",2,7,9,9
"1240",8,3,9,9
"1241",4,5,5,4
"1242",6,5,8,8
"1243",7,6,8,8
"1244",5,6,7,7
"1245",6,6,9,8
"1246",7,8,8,9
"1247",8,8,8,7
"1248",8,8,9,7
"1249",5,5,7,7
"1250",4,7,4,7
"1251",5,3,7,7
"1252",4,5,6,9
"1253",6,5,6,6
"1254",7,6,7,8
"1255",4,5,9,9
"1256",9,7,7,8
"1257",7,7,9,9
"1258",4,8,9,8
"1259",5,4,6,5
"1260",6,6,5,7
"1261",3,7,5,6
"1262",7,5,7,6
"1263",4,9,8,8
"1264",1,7,9,8
"1265",6,7,5,8
"1266",5,3,4,6
"1267",4,8,10,10
"1268",4,6,7,7
"1269",8,4,6,8
"1270",5,5,7,8
"1271",6,7,8,8
"1272",7,5,4,5
"1273",7,8,4,8
"1274",6,5,6,6
"1276",10,0,3,5
"1277",5,7,6,9
"1278",7,6,6,7
"1279",6,7,8,9
"1280",7,6,7,6
"1281",1,7,8,7
"1282",5,5,5,7
"1283",4,7,9,8
"1284",6,8,9,9
"1285",9,7,7,2
"1286",7,7,7,8
"1287",5,6,7,7
"1288",7,4,3,5
"1289",7,7,8,8
"1290",4,6,6,8
"1291",7,7,7,8
"1292",3,3,3,9
"1293",4,7,7,8
"1294",6,7,8,8
"1295",7,7,6,7
"1296",2,7,7,7
"1297",4,7,8,7
"1298",7,3,7,7
"1299",7,6,6,8
"1300",6,7,6,7
"1301",5,4,2,7
"1302",8,1,2,6
"1303",6,6,7,7
"1305",5,7,8,7
"1306",5,8,6,5
"1307",4,6,9,8
"1309",5,7,7,8
"1310",4,8,8,8
"1311",5,6,6,7
"1312",5,6,6,6
"1313",5,5,8,9
"1314",7,7,9,8
"1315",4,7,7,8
"1316",5,2,4,6
"1317",5,5,7,7
"1318",6,8,8,8
"1319",8,6,5,5
"1320",3,7,7,6
"1321",3,2,3,3
"1322",4,8,9,9
"1323",5,6,6,6
"1324",4,7,7,7
"1325",3,7,8,7
"1326",6,9,7,9
"1327",5,7,8,8
"1328",4,6,8,7
"1329",5,8,8,8
"1330",6,6,7,7
"1331",6,5,5,8
"1332",5,5,3,5
"1333",6,6,6,8
"1334",8,7,7,8
"1335",3,4,6,5
"1336",1,5,8,9
"1337",7,6,8,6
"1338",8,4,8,4
"1339",7,6,6,6
"1340",8,5,6,7
"1341",5,7,7,6
"1342",7,6,5,7
"1343",7,4,5,7
"1345",3,5,8,8
"1346",6,5,7,6
"1347",7,5,4,8
"1348",2,6,6,7
"1349",5,5,4,6
"1351",4,6,7,7
"1352",5,3,5,4
"1353",3,6,7,7
"1354",3,6,7,9
"1355",2,8,9,9
"1356",6,6,8,8
"1357",5,9,8,9
"1359",6,6,5,7
"1360",2,6,7,7
"1361",6,7,7,7
"1362",5,2,5,8
"1363",3,7,8,7
"1364",3,2,5,2
"1365",4,5,6,6
"1366",3,5,4,5
"1367",5,6,8,7
"1368",2,7,7,8
"1369",6,8,9,8
"1370",8,7,7,9
"1371",6,7,6,5
"1372",7,8,9,9
"1373",9,5,3,7
"1374",8,8,9,9
"1375",7,6,7,7
"1376",5,5,5,8
"1377",5,7,6,6
"1378",1,7,7,7
"1379",8,6,8,9
"1380",5,7,7,7
"1381",5,6,7,7
"1382",3,7,8,8
"1383",5,3,3,8
"1384",5,8,8,8
"1385",5,7,8,8
"1386",7,6,7,8
"1388",6,7,7,7
"1389",5,5,7,7
"1390",7,1,8,7
"1391",5,8,8,10
"1392",6,6,6,7
"1393",6,3,8,8
"1394",4,8,8,7
"1395",3,8,6,8
"1396",5,6,6,7
"1397",6,7,7,7
"1398",7,5,4,3
"1399",5,2,2,5
"1400",8,4,5,7
"1401",5,6,6,5
"1402",9,2,1,0
"1404",6,0,6,8
"1405",6,8,8,8
"1406",8,7,7,7
"1407",6,3,3,8
"1408",7,3,7,5
"1409",5,6,6,6
"1410",5,7,9,9
"1411",1,4,7,5
"1412",5,5,7,8
"1413",4,6,6,7
"1414",4,3,6,8
"1415",5,8,5,8
"1416",7,7,7,8
"1417",0,9,9,8
"1418",6,8,8,8
"1419",7,8,8,7
"1420",8,8,8,7
"1421",3,7,7,6
"1422",4,5,6,7
"1423",5,7,8,8
"1424",3,3,7,4
"1425",5,7,7,8
"1426",3,6,6,6
"1427",5,2,4,4
"1428",7,7,6,6
"1429",4,7,7,8
"1430",3,6,8,9
"1432",5,7,6,8
"1433",6,5,5,6
"1434",7,7,8,8
"1435",7,6,6,7
"1436",10,5,5,7
"1437",7,7,9,8
"1438",4,5,7,7
"1439",4,7,7,7
"1440",7,6,5,6
"1441",5,5,8,6
"1442",3,9,9,7
"1443",7,8,8,8
"1444",4,6,5,7
"1445",2,9,9,10
"1447",0,5,8,8
"1448",5,8,8,8
"1449",3,8,8,8
"1450",5,8,7,10
"1451",3,6,7,7
"1452",6,3,6,3
"1453",10,1,1,2
"1454",7,4,7,8
"1455",7,7,7,6
"1456",5,8,8,9
"1457",5,7,7,8
"1458",5,3,1,5
"1459",4,7,7,8
"1461",2,8,8,8
"1462",3,8,9,8
"1463",6,5,8,8
"1464",5,6,7,9
"1465",1,3,7,8
"1466",5,7,7,7
"1467",3,1,4,1
"1468",5,3,4,4
"1469",2,8,9,8
"1470",3,4,7,7
"1471",3,8,9,7
"1472",2,4,4,6
"1473",5,3,6,3
"1474",2,7,7,8
"1476",10,5,0,6
"1477",5,8,8,7
"1478",6,6,6,7
"1479",8,9,5,8
"1480",6,4,8,7
"1481",6,5,6,7
"1482",5,5,8,4
"1483",7,7,9,9
"1484",7,7,8,8
"1485",4,8,9,9
"1486",2,7,8,8
"1487",6,4,6,6
"1488",4,6,7,7
"1489",3,5,3,3
"1490",3,3,7,7
"1491",5,4,5,6
"1492",8,7,8,8
"1493",6,8,9,7
"1494",4,8,9,8
"1495",5,5,4,8
"1496",5,3,6,8
"1497",4,8,9,8
"1498",8,8,9,7
"1499",7,6,8,8
"1500",4,3,9,9
"1501",7,6,2,7
"1503",3,7,8,8
"1504",8,8,5,6
"1505",2,7,8,7
"1506",3,7,8,9
"1507",8,9,9,9
"1508",7,6,7,7
"1509",5,10,10,7
"1510",5,7,8,8
"1511",4,6,8,7
"1512",8,5,7,5
"1514",5,7,8,8
"1515",5,5,6,8
"1516",8,8,8,7
"1517",0,7,6,8
"1518",7,7,7,6
"1520",8,7,8,8
"1521",6,6,7,4
"1522",6,7,8,7
"1523",7,1,2,8
"1526",5,6,7,7
"1527",8,7,9,7
"1528",8,6,7,4
"1529",4,6,9,7
"1530",8,7,7,7
"1531",7,7,8,7
"1532",5,6,7,7
"1533",5,4,7,7
"1534",10,4,3,7
"1535",6,6,6,4
"1536",5,6,6,5
"1537",7,7,8,8
"1538",3,3,7,9
"1539",7,8,7,7
"1540",4,7,9,8
"1541",5,3,3,7
"1542",5,5,8,8
"1543",5,7,9,9
"1544",5,6,7,7
"1546",5,7,8,8
"1547",6,7,8,7
"1549",6,3,6,9
"1550",3,7,7,7
"1551",4,6,8,9
"1552",8,8,10,9
"1553",5,6,7,8
"1554",6,8,9,7
"1555",3,4,6,7
"1557",3,7,9,6
"1558",5,6,4,7
"1559",4,8,9,9
"1560",8,6,7,9
"1561",3,10,7,10
"1562",3,8,9,8
"1563",2,6,6,8
"1564",5,5,9,10
"1565",3,6,7,6
"1566",4,8,9,8
"1567",2,6,8,7
"1569",3,3,6,6
"1570",6,2,2,6
"1571",7,7,7,6
"1572",4,4,6,5
"1573",5,4,6,7
"1574",2,6,8,7
"1575",4,6,7,7
"1577",7,4,9,8
"1578",6,6,5,7
"1579",7,8,8,8
"1580",3,5,7,7
"1581",7,8,6,9
"1583",1,7,8,8
"1584",3,6,7,7
"1585",5,6,7,7
"1586",6,6,8,8
"1587",5,8,4,6
"1589",5,2,2,8
"1590",5,5,4,7
"1591",5,6,4,4
"1592",3,6,7,8
"1593",3,7,9,8
"1594",5,4,5,8
"1596",6,7,6,8
"1597",1,3,7,7
"1598",2,9,10,9
"1600",3,3,4,8
"1601",6,6,7,8
"1602",2,7,8,8
"1604",7,8,7,7
"1605",9,5,2,6
"1607",5,7,7,7
"1608",5,3,7,7
"1609",5,6,6,6
"1610",2,6,8,8
"1611",3,5,8,5
"1612",4,9,9,8
"1613",6,7,7,6
"1614",7,6,5,6
"1615",7,8,8,7
"1616",6,8,8,7
"1617",3,7,8,7
"1618",3,8,7,8
"1619",4,7,6,7
"1620",5,7,8,8
"1621",7,4,3,7
"1622",2,7,8,8
"1623",8,7,8,9
"1624",8,7,6,9
"1625",5,8,8,9
"1626",5,6,8,6
"1627",9,4,3,8
"1629",2,7,8,8
"1630",5,8,8,8
"1631",3,4,6,7
"1632",5,5,7,8
"1633",5,6,8,8
"1634",2,9,9,10
"1635",6,5,7,8
"1636",5,9,7,7
"1637",6,7,6,6
"1638",5,8,8,8
"1639",7,5,5,7
"1640",6,5,5,6
"1641",6,7,7,7
"1642",8,7,7,7
"1643",4,7,8,8
"1644",4,5,7,8
"1645",6,7,4,7
"1646",5,6,6,7
"1647",3,3,6,5
"1648",5,6,6,8
"1649",6,7,9,6
"1650",8,6,8,8
"1651",8,7,3,4
"1652",7,8,8,7
"1653",6,7,7,6
"1654",4,8,9,7
"1655",7,8,8,8
"1656",8,6,8,9
"1657",5,5,6,8
"1658",6,8,9,8
"1659",7,7,8,9
"1660",6,3,3,7
"1661",6,5,6,8
"1662",4,7,8,9
"1663",5,4,5,7
"1664",2,7,8,7
"1665",4,7,8,7
"1666",5,7,7,7
"1667",5,4,5,5
"1668",5,3,5,7
"1669",4,6,6,7
"1670",5,3,3,4
"1671",5,6,6,7
"1672",3,9,10,9
"1673",7,8,8,8
